	precision	recall	f-score	support
0	0.15384615384615385	0.09737827715355805	0.11926605504587157	267
1	0.9083301635602891	0.9435005926511261	0.9255813953488372	2531
